{"cameraMode":{"drawMode":0,"name":"Shaded","section":"Shading Mode"},"sceneLighting":true,"audioPlay":false,"sceneViewState":{"showFog":true,"showMaterialUpdate":false,"showSkybox":true,"showFlares":true,"showImageEffects":true,"showParticleSystems":true},"in2DMode":false,"pivot":{"x":24.71221923828125,"y":1.5460858345031739,"z":20.40166473388672},"rotation":{"x":0.15987393260002137,"y":0.4593904912471771,"z":-0.08445421606302262,"w":0.8696373701095581},"size":8.789837837219239,"orthographic":false}