{"cameraMode":{"drawMode":0,"name":"Shaded","section":"Shading Mode"},"sceneLighting":false,"audioPlay":false,"sceneViewState":{"showFog":true,"showMaterialUpdate":false,"showSkybox":true,"showFlares":true,"showImageEffects":true,"showParticleSystems":true},"in2DMode":false,"pivot":{"x":167.9840850830078,"y":-72.64334106445313,"z":275.123291015625},"rotation":{"x":-0.134663388133049,"y":-0.2914718687534332,"z":0.04131167009472847,"w":-0.9462807178497315},"size":182.44984436035157,"orthographic":false}