{"cameraMode":{"drawMode":0,"name":"Shaded","section":"Shading Mode"},"sceneLighting":false,"audioPlay":false,"sceneViewState":{"showFog":true,"showMaterialUpdate":false,"showSkybox":true,"showFlares":true,"showImageEffects":true,"showParticleSystems":true},"in2DMode":false,"pivot":{"x":5.021340370178223,"y":-279.5516052246094,"z":110.4419937133789},"rotation":{"x":-0.5969250202178955,"y":-0.06763404607772827,"z":0.05063408613204956,"w":-0.7978850603103638},"size":162.82371520996095,"orthographic":false}