{"cameraMode":{"drawMode":0,"name":"Shaded","section":"Shading Mode"},"sceneLighting":true,"audioPlay":false,"sceneViewState":{"showFog":true,"showMaterialUpdate":false,"showSkybox":true,"showFlares":true,"showImageEffects":true,"showParticleSystems":true},"in2DMode":false,"pivot":{"x":80.98028564453125,"y":-82.1788101196289,"z":183.2433319091797},"rotation":{"x":0.19798091053962708,"y":0.21416549384593965,"z":-0.04437508434057236,"w":0.9555056095123291},"size":109.45086669921875,"orthographic":false}