{"cameraMode":{"drawMode":0,"name":"Shaded","section":"Shading Mode"},"sceneLighting":true,"audioPlay":false,"sceneViewState":{"showFog":true,"showMaterialUpdate":false,"showSkybox":true,"showFlares":true,"showImageEffects":true,"showParticleSystems":true},"in2DMode":false,"pivot":{"x":2.0363712310791017,"y":-0.00001049041748046875,"z":-1.7517681121826172},"rotation":{"x":-0.07115800678730011,"y":0.9249825477600098,"z":-0.21639293432235719,"w":-0.3041689395904541},"size":10.0,"orthographic":false}